service,url
opening_spanish_bank_account,https://www.reddit.com/r/GoingToSpain/comments/1ahkb8x/opening_a_bank_account_in_spain/
spains_digital_nomad_visa,https://www.reddit.com/r/digitalnomad/comments/1824cns/spains_digital_nomad_visa_ama/
nie,https://www.reddit.com/r/GoingToSpain/comments/14wyekd/steps_to_get_nie/
s_1_declaration,https://www.reddit.com/r/askspain/comments/p85pv5/declaring_money_moved_to_spain_s1_declaration/
empadronamiento,https://www.reddit.com/r/Barcelona/comments/oau40q/a_lot_of_people_asked_me_how_to_do_the/
ehic,https://www.reddit.com/r/expats/comments/w1qlrz/european_health_card/
ingreso_minimo_vital,https://www.reddit.com/r/askspain/comments/wde548/como_se_puede_pedir_el_ingreso_m%C3%ADnimo_vital/
prestacion por nacimiento,https://www.reddit.com/r/XPatriados/comments/13jq9vp/como_obtener_partida_de_nacimiento_espa%C3%B1ola/
tarjeta_sanitaria,https://www.reddit.com/r/askspain/comments/13who5t/do_i_need_to_book_an_appointment_for_my_tarjeta/
spanish_social_security_number,https://www.reddit.com/r/askspain/comments/rxb0se/spanish_social_security_number/
gestion_de_beneficiarios_seguridad_social,https://www.reddit.com/r/askspain/comments/14l5weu/necesito_afiliarme_en_la_seguridad_social_al/
